id;название;регион;площадь_кв_км;год_основания;описание;вебсайт
1;Алтайский заповедник;Республика Алтай;8712;1932;Часть Золотых гор Алтая (ЮНЕСКО), включает озеро Телецкое и горные районы;http://www.altzapovednik.ru/
2;Байкальский заповедник;Республика Бурятия;1656.7;1969;Охраняет природу вдоль озера Байкал и хребта Хамар-Дабан;https://baikalzapovednik.ru/
3;Воронежский заповедник;Воронежская область;310.5;1927;Первый в мире экспериментальный бобровый питомник;http://zapovednik-vrn.ru/
5;Тигирекский заповедник;Алтайский край;406.9;1999;Охраняет темную тайгу и горную степь, включает карстовые образования;http://tigirek.ru/
6;Джугджурский заповедник;Хабаровский край;8599.6;1990;Крупнейший в регионе, охраняет места нереста лосося;
9;Костомукшский заповедник;Республика Карелия;475.7;1983;Леса, озера, олени и семга;http://kost-zap.ru/
10;Врангеля заповедник (в составе Большого Арктического);Чукотский автономный округ;;;Крупнейшая особо охраняемая территория России;
11;Кавказский заповедник;Краснодарский край; ;1924;Охраняет биосферу Западного Кавказа, объект ЮНЕСКО;http://kavkazzapoved.ru/
12;Васюганский заповедник;Томская область;;;Крупнейшее болото, редкие виды флоры и фауны;
13;Дальневосточный морской заповедник;Приморский край;;1978;Первый морской заповедник России, охрана морской фауны;
14;Центрально-Черноземный заповедник;Курская область;;1935;Охрана чернозема и нетронутой степи;
16;Шульган-Таш;Республика Башкортостан;22.5;2014;Пещера Капова, дикая пчеловодческая традиция;http://shulgan-tash.ru/
18;Сохондинский заповедник;Забайкальский край;2109.9;1973;Горный массив Сохондо, редкие растения и животные;
20;Ростовский заповедник;Ростовская область;94.7;1995;Охрана степей и водно-болотных угодий у озера Маныч-Гудило;
21;Богдинско-Баскунчакский заповедник;Астраханская область;185.3;1997;Соленое озеро Баскунчак, гора Большое Богдо, эндемики;http://bogdinsko-baskunchaksky.ru/
22;Окский заповедник;Рязанская область;55.2;1935;Центр восстановления зубров и журавлей;http://www.zapovednik-okskiy.ru/
24;Печоро-Илычский заповедник;Республика Коми;7213.7;1930;Северные леса, каменные столбы Мань-Пупу-нер;https://pizrk.ru/
25;Ильменский заповедник;Челябинская область;303.8;1920;Минералы, Южный Урал, геология и биосфера;https://www.ilmeny.ru/
26;Хакасский заповедник;Республика Хакасия;2671.6;1999;Охрана степных и горных экосистем Западного Саяна;http://hakzapovednik.ru/
28;Большой Арктический заповедник;Красноярский край;41692;1993;Крупнейший в России, Арктика, миграции птиц и млекопитающих;
29;Усть-Ленский заповедник;Республика Саха (Якутия);14330;1985;Дельта Лены, тундра, миграции перелётных птиц;https://ulzapovednik.ru/
33;Преамурский заповедник;Амурская область;131.8;2008;Болота, луга, среда обитания журавлей и уток;
34;Смоленское Поозерье;Смоленская область;146.2;1992;Озера, смешанные леса, экотуризм;
35;Югыд ва;Республика Коми;18917;1994;Один из крупнейших лесных массивов Европы, часть ЮНЕСКО;http://yugydva.komi.com/
36;Чаваньга (в составе Кандалакшского заповедника);Мурманская область;;;Морская береговая зона, арктическая фауна;
37;Дарвинский заповедник;Вологодская область;112.9;1945;Рыбинское водохранилище, экосистемы северных лесов;
38;Кандалакшский заповедник;Мурманская область;705.3;1932;Берег Баренцева моря, морские птицы и млекопитающие;
40;Полоцкий заповедник;Тверская область;69.9;1988;Болота, хвойные леса, охрана водно-болотных экосистем;
41;Таймырский заповедник;Красноярский край;15100;1979;Тундра, миграции диких северных оленей;https://www.taimyrzapovednik.ru/
42;Магаданский заповедник;Магаданская область;883.2;1982;Лесотундра, охрана нерестовых рек и лососей;http://www.magzapoved.ru/
43;Буреинский заповедник;Хабаровский край;358.2;1987;Горные экосистемы, бурые медведи, краснокнижные виды;https://burezap.ru/
44;Кыталык;Республика Саха (Якутия);5560;1996;Охрана болот и водно-болотных угодий, журавли;
46;Даурский заповедник;Забайкальский край;453.6;1987;Степи, редкие журавли, объект ЮНЕСКО;http://www.daurzapoved.com/
47;Байкало-Ленский заповедник;Иркутская область;6600;1986;Западный берег Байкала, лиственничные леса, редкие птицы;https://baikal-1.ru/
49;Южно-Уральский заповедник;Челябинская область;252.8;1978;Горные экосистемы, лиственные и хвойные леса;http://yuzhuralzap.ru/
50;Калужские засеки;Калужская область;187.7;1992;Смешанные леса, генетический резерват зубров;https://www.zapovednik.info/
51;Кивач;Республика Карелия;108.9;1931;Водопад Кивач, карельская флора и фауна;http://kivach.org/
53;Витимский заповедник;Иркутская область;5859;1982;Горные леса и тундра, речные долины, редкие птицы;
54;Камышинская степь;Волгоградская область;10.5;1988;Типичная ковыльная степь, охрана степной флоры;
55;Убсунурская котловина;Республика Тыва;10218.3;1993;Степи, пески, горы — трансграничный биосферный резерват;
56;Среднесибирский заповедник;Красноярский край;10219;1985;Центральная Сибирь, тайга, охрана енисейских лесов;
57;Шантары;Хабаровский край;515.5;2013;Острова, киты, морские птицы, экотуризм;https://shantar.ru/
58;Хинганский заповедник;Амурская область;882;1963;Земноводно-болотные угодья, журавли;http://hinganzap.ru/
59;Саяно-Шушенский заповедник;Красноярский край;3900;1976;Южная Сибирь, высокогорья, снежный барс;http://sayanzapoved.ru/
60;Центральносибирский заповедник;Красноярский край;10219;1985;Тайга, долина Подкаменной Тунгуски, охрана кедровников;
62;Тунгусский заповедник;Красноярский край;2967.5;1995;Место падения Тунгусского метеорита, охрана тайги;http://www.tungusky.ru/
63;Малый Саянский;Республика Хакасия;327.5;1993;Горные леса, редкие виды флоры и фауны;
64;Командорский заповедник;Камчатский край;3620;1993;Острова, морские млекопитающие, колонии птиц;https://komandorsky.ru/
65;Остров Врангеля;Чукотский автономный округ;22560;1976;Арктическая тундра, моржи, белые медведи;http://www.wrangelisland.org/
66;Верхне-Тазовский заповедник;Ямало-Ненецкий автономный округ;6310;1986;Северная тайга, редкие виды рыб и птиц;
67;Заповедник Ростовский;Ростовская область;96.8;1995;Степь, сайгаки, охрана южных экосистем;https://www.rostzap.ru/
68;Смидовичский заповедник;Еврейская автономная область;116.8;1997;Дальневосточная природа, редкие птицы и млекопитающие;
69;Чарышский заповедник;Алтайский край;;1999;Горные леса, охрана экосистем предгорий;
70;Нургуш;Кировская область;566.2;1994;Болота, леса, охрана водно-болотных угодий;
71;Заповедник Чаусский;Белгородская область;50.3;1999;Лесостепная зона, охрана меловых обнажений;
72;Заповедник Лосиний Остров;Московская область;116;1983;Городской лес, экосистема рядом с мегаполисом;
73;Утриш;Краснодарский край;97.9;2010;Прибрежные леса, эндемики, редкие виды животных;http://www.utrishgpz.ru/
74;Черные земли;Республика Калмыкия;1219;1990;Полупустыни, джейраны, охрана пустынных экосистем;
75;Заповедник Большая Кокшага;Республика Марий Эл;21.7;1993;Леса средней полосы, редкие растения и животные;
76;Бастак;Еврейская автономная область;914.8;1997;Смешанные леса, маньчжурская флора, редкие птицы;
77;Заповедник Кологривский лес;Костромская область;58.9;2006;Старовозрастные еловые леса, охрана таежной флоры;
78;Оренбургский заповедник;Оренбургская область;215.3;1989;Степи, охрана участков ковыльной степи;https://orenzap.ru/
79;Заповедник Брянский лес;Брянская область;121.8;1987;Смешанные леса, европейская фауна, экопросвещение;https://www.bryansky-les.ru/
80;Галичья Гора;Липецкая область;230.8;1925;Меловые горы, флора и фауна степной зоны;
81;Денежкин Камень;Свердловская область;1219.2;1991;Горная тайга, редкие виды растений и животных;https://www.denkam.ru/
82;Заповедник Жигулёвский;Самарская область;231.5;1927;Жигулёвские горы, меловые и лесные экосистемы;https://zhreserve.ru/
84;Керженский заповедник;Нижегородская область;470.3;1993;Болотно-таежные комплексы, охрана биоразнообразия;http://www.kerzhenskiy.ru/
85;Заповедник Мордовский;Республика Мордовия;321.6;1936;Сосновые боры, река Мокша, ландшафтное разнообразие;
86;Присурский заповедник;Чувашская Республика;90.8;1995;Лесостепь, редкие виды насекомых, флоры и фауны;
87;Шайтан-Тау;Оренбургская область;6.7;2014;Горные степи, редкие растения и ландшафты;
88;Заповедник Малая Сосьва;Ханты-Мансийский автономный округ — Югра;2252.6;1976;Северная тайга, кедровники, охрана боровой дичи;
89;Заповедник Вишерский;Пермский край;2414.1;1991;Уральская тайга, река Вишера, охрана горных ландшафтов;
90;Ненецкий заповедник;Ненецкий автономный округ;3130;1997;Арктическая тундра, прибрежные экосистемы, птицы;https://nenzap.ru/
91;Заповедник Дагестанский;Республика Дагестан;193;1987;Каспийское побережье, редкие виды птиц и рыб;
92;Заповедник Кавказский;Краснодарский край;2844.7;1924;Высокогорья Кавказа, зубры, уникальная флора и фауна;https://kavkazzapoved.ru/
93;Заповедник Убинский;Новосибирская область;;1994;Охрана водно-болотных угодий и степных территорий;
94;Заповедник Северный;Курганская область;;2013;Степные участки, охрана ковыльных лугов;
95;Курильский заповедник;Сахалинская область;654.2;1984;Островная флора и фауна, вулканические ландшафты;
96;Заповедник Бочинский;Иркутская область;;2005;Байкальская природа, охрана болотных систем;
97;Заповедник Таймырский;Красноярский край;17800;1979;Арктическая тундра, миграции птиц и северных оленей;
98;Заповедник Олекминский;Республика Саха (Якутия);8473;1984;Таежные экосистемы, редкие виды животных;
99;Заповедник Алданский;Республика Саха (Якутия);868.7;1992;Горная тайга, редкие и эндемичные виды;
100;Заповедник Ленский;Республика Саха (Якутия);13489;1995;Среднетаёжные леса, река Лена, охрана экосистем;
101;Заповедник Журавлиный;Амурская область;;1994;Болота и леса, охрана мест обитания журавлей;
102;Заповедник Буреинский;Хабаровский край;3582.5;1987;Горные экосистемы, редкие виды, бурные реки;http://bureya-reserve.ru/
103;Заповедник Командорский;Камчатский край;36480;1993;Острова, морские экосистемы, морские млекопитающие;https://komandorsky.ru/
104;Кроноцкий заповедник;Камчатский край;11520;1934;Вулканы, гейзеры, уникальные природные явления;https://kronoki.ru/
105;Корякский заповедник;Камчатский край;3278;1995;Горные и прибрежные экосистемы Камчатки;
106;Заповедник Большехехцирский;Хабаровский край;454.3;1963;Горные леса, редкие виды растений и животных;http://zapovednik-bkhz.ru/
107;Заповедник Ханкайский;Приморский край;400.2;1990;Озеро Ханка, болота, места обитания птиц;
108;Заповедник Уссурийский;Приморский край;404.3;1932;Широколиственные леса, тигры, леопарды;http://www.ussuriysky.ru/
109;Сихотэ-Алинь;Приморский край;4016.2;1935;Горные леса, амурский тигр, биоразнообразие;https://sikhote-alin.ru/
110;Заповедник Лазовский;Приморский край;1216.2;1957;Морские и горные экосистемы, охрана дикой природы;
111;Заповедник Кедровая Падь;Приморский край;178.7;1916;Самый старый заповедник России, дальневосточный леопард;https://kedr.org.ru/
112;Заповедник Бастак;Еврейская автономная область;911.5;1997;Лесостепи и болота, журавли, дальневосточный аист;https://bastakzap.ru/
113;Заповедник Даурский;Забайкальский край;2269;1987;Степи, солёные озёра, журавли, трансграничный резерват;https://daurzapoved.com/
114;Заповедник Чикойский;Забайкальский край;666;2014;Горные и лесные экосистемы на границе с Монголией;
115;Заповедник Витимский;Иркутская область;5858;1982;Горная тайга, редкие виды растений и животных;
116;Заповедник Байкало-Ленский;Иркутская область;6590;1986;Западное побережье Байкала, горные экосистемы;
117;Заповедник Саяно-Шушенский;Красноярский край;3900;1976;Южнотаёжные леса, снежный барс, горные хребты;https://sayanzapoved.ru/
118;Заповедник Хакасский;Республика Хакасия;2672.6;1999;Степи, горы, охрана культурного и природного наследия;https://zapovednik-khakassky.ru/
119;Заповедник Тункинский;Республика Бурятия;11837;1991;Долина реки Иркут, граница с Монголией, биоразнообразие;
120;Заповедник Баргузинский;Республика Бурятия;3749.3;1916;Первый заповедник России, байкальская нерпа, кедровые леса;https://zapovednoe-podlemorye.ru/
